,size,percentage,studytime,absences,goout,freetime,attendance_rate,famsup_yes,schoolsup_yes,paid_yes,activities_yes,higher_yes,internet_yes,romantic_yes
0,145.0,22.342064714946073,1.7310344827586206,9.8,3.5724137931034483,3.1517241379310343,0.3466666666666667,0.6551724137931034,0.06206896551724138,0.0,0.47586206896551725,0.8275862068965517,0.8068965517241379,0.4413793103448276
1,465.0,71.64869029275809,1.9935483870967743,1.5913978494623655,3.066666666666667,3.206451612903226,0.8939068100358424,0.5849462365591398,0.11397849462365592,0.0,0.4774193548387097,0.9118279569892473,0.7505376344086021,0.34838709677419355
2,39.0,6.00924499229584,1.9230769230769231,3.0,3.1538461538461537,2.9743589743589745,0.8000000000000002,0.7948717948717948,0.15384615384615385,1.0,0.6153846153846154,0.9230769230769231,0.8205128205128205,0.3333333333333333
